FirstName,LastName,Address,Gender,Email,Phone
Myra,Chapman,Sevugijo,Male,wapic@vu.lr,(625) 703-2067
Adam,Ramirez,Ickuwjo,Female,mehih@erca.wf,(560) 885-1194
Lela,Kim,Befwule,Male,cu@lupbun.mm,(674) 944-6134
Aiden,Barker,Fukmecoz,Female,dibi@onenikku.bo,(382) 625-6920
Josie,Guerrero,Nohuva,Male,titboona@pasovi.gy,(228) 826-4004
Brett,Stone,Lipheat,Male,ahe@lohvod.pl,(875) 662-8296
Vernon,Jennings,Upnerawe,Female,famcezi@ta.ss,(966) 427-5228
Sadie,Erickson,Ebenotben,Male,codagot@corafiw.to,(970) 911-7775
Marcus,Kennedy,Didpagi,Male,ce@ham.gr,(621) 570-6518
Frank,Dunn,Kimgoffu,Male,ocabi@ipzasri.tk,(735) 786-9863
